position,month,s,n_obs
C1,1,0.0065700869,244
C1,2,0.0056412633,222
C1,3,0.0041244036,244
C1,4,0.0025702236,217
C1,5,0.0015385694,221
C1,6,0.0008615282,216
C1,7,0.0015480363,220
C1,8,0.0026796721,222
C1,9,0.0041606717,215
C1,10,0.0053175366,220
C1,11,0.0064379374,215
C1,12,0.0068292174,221
C2,1,0.0132289650,244
C2,2,0.0108874663,222
C2,3,0.0080676616,244
C2,4,0.0051580514,217
C2,5,0.0028495122,221
C2,6,0.0019614149,216
C2,7,0.0026736828,220
C2,8,0.0050833730,222
C2,9,0.0080851855,215
C2,10,0.0109734278,220
C2,11,0.0133327443,215
C2,12,0.0141031327,221
C3,1,0.0199576769,244
C3,2,0.0165500434,222
C3,3,0.0119990508,244
C3,4,0.0074349785,217
C3,5,0.0039255762,221
C3,6,0.0031772494,216
C3,7,0.0039228738,220
C3,8,0.0074930341,222
C3,9,0.0119820482,215
C3,10,0.0165813355,220
C3,11,0.0198554456,215
C3,12,0.0210893414,221
C4,1,0.0262342745,244
C4,2,0.0222136568,222
C4,3,0.0162225992,244
C4,4,0.0098799364,217
C4,5,0.0055740502,221
C4,6,0.0041922598,216
C4,7,0.0056564245,220
C4,8,0.0099419164,222
C4,9,0.0162431694,215
C4,10,0.0221814023,220
C4,11,0.0263433080,215
C4,12,0.0279465303,221
